Symbol,id,shape,short,Name,Freq,label,group,color
A,GCG,box,Ala,Alanine,7.4,GCG (A),Rare,#0072F6
A,GCA,box,Ala,Alanine,15.8,GCA (A),Normal,#0072F6
A,GCC,box,Ala,Alanine,27.7,GCC (A),Abundant,#0072F6
A,GCT,box,Ala,Alanine,18.4,GCT (A),Normal,#0072F6
C,TGC,box,Cys,Cysteine,12.6,TGC (C),Normal,#ffb8ac
C,TGT,box,Cys,Cysteine,10.6,TGT (C),Normal,#ffb8ac
D,GAC,box,Asp,Aspartic_acid,25.1,GAC (D),Abundant,#E66EE5
D,GAT,box,Asp,Aspartic_acid,21.8,GAT (D),Abundant,#E66EE5
E,GAA,box,Glu,Glutamic_acid,29,GAA (E),Abundant,#974098
E,GAG,box,Glu,Glutamic_acid,39.6,GAG (E),Abundant,#974098
F,TTC,box,Phe,Phenylalanine,20.3,TTC (F),Abundant,#007bf1
F,TTT,box,Phe,Phenylalanine,17.6,TTT (F),Normal,#007bf1
G,GGA,box,Gly,Glycine,16.5,GGA (G),Normal,#F97D04
G,GGC,box,Gly,Glycine,22.2,GGC (G),Abundant,#F97D04
G,GGG,box,Gly,Glycine,16.5,GGG (G),Normal,#F97D04
G,GGT,box,Gly,Glycine,10.8,GGT (G),Normal,#F97D04
H,CAT,box,His,Histidine,10.9,CAT (H),Normal,#00cccc
H,CAC,box,His,Histidine,15.1,CAC (H),Normal,#00cccc
I,ATC,box,Ile,Isoleucine,20.8,ATC (I),Abundant,#6cb6ff
I,ATT,box,Ile,Isoleucine,16,ATT (I),Normal,#6cb6ff
I,ATA,box,Ile,Isoleucine,7.5,ATA (I),Rare,#6cb6ff
K,AAG,box,Lys,Lysine,31.9,AAG (K),Abundant,#FF1100
K,AAA,box,Lys,Lysine,24.4,AAA (K),Abundant,#FF1100
L,TTA,box,Leu,Leucine,7.7,TTA (L),Rare,#bed7ef
L,TTG,box,Leu,Leucine,12.9,TTG (L),Normal,#bed7ef
L,CTA,box,Leu,Leucine,7.2,CTA (L),Rare,#bed7ef
L,CTC,box,Leu,Leucine,19.6,CTC (L),Normal,#bed7ef
L,CTT,box,Leu,Leucine,13.2,CTT (L),Normal,#bed7ef
L,CTG,box,Leu,Leucine,39.6,CTG (L),Abundant,#bed7ef
M,ATG,box,Met,Methionine,22,ATG (M),Abundant,#1933E6
N,AAC,box,Asn,Asparagine,19.1,AAC (N),Normal,#19CC19
N,AAT,box,Asn,Asparagine,17,AAT (N),Normal,#19CC19
P,CCT,box,Pro,Proline,17.5,CCT (P),Normal,#e9e726
P,CCA,box,Pro,Proline,16.9,CCA (P),Normal,#e9e726
P,CCC,box,Pro,Proline,19.8,CCC (P),Normal,#e9e726
P,CCG,box,Pro,Proline,6.9,CCG (P),Rare,#e9e726
Q,CAG,box,Gln,Glutamine,34.2,CAG (Q),Abundant,#5CED5C
Q,CAA,box,Gln,Glutamine,12.3,CAA (Q),Normal,#5CED5C
R,AGA,box,Arg,Arginine,12.2,AGA (R),Normal,#FF071F
R,AGG,box,Arg,Arginine,12,AGG (R),Normal,#FF071F
R,CGC,box,Arg,Arginine,10.4,CGC (R),Normal,#FF071F
R,CGT,box,Arg,Arginine,4.5,CGT (R),Rare,#FF071F
R,CGA,box,Arg,Arginine,6.2,CGA (R),Rare,#FF071F
R,CGG,box,Arg,Arginine,11.4,CGG (R),Normal,#FF071F
S,TCG,box,Ser,Serine,4.4,TCG (S),Rare,#029602
S,AGC,box,Ser,Serine,19.5,AGC (S),Normal,#029602
S,TCC,box,Ser,Serine,17.7,TCC (S),Normal,#029602
S,TCT,box,Ser,Serine,15.2,TCT (S),Normal,#029602
S,AGT,box,Ser,Serine,12.1,AGT (S),Normal,#029602
S,TCA,box,Ser,Serine,12.2,TCA (S),Normal,#029602
T,ACG,box,Thr,Threonine,6.1,ACG (T),Rare,#45C945
T,ACC,box,Thr,Threonine,18.9,ACC (T),Normal,#45C945
T,ACT,box,Thr,Threonine,13.1,ACT (T),Normal,#45C945
T,ACA,box,Thr,Threonine,15.1,ACA (T),Normal,#45C945
V,GTC,box,Val,Valine,14.5,GTC (V),Normal,#207fe0
V,GTG,box,Val,Valine,28.1,GTG (V),Abundant,#207fe0
V,GTA,box,Val,Valine,7.1,GTA (V),Rare,#207fe0
V,GTT,box,Val,Valine,11,GTT (V),Normal,#207fe0
W,TGG,box,Trp,Tryptophan,13.2,TGG (W),Normal,#2C44F6
X,TGA,box,Stp,Stop,1.6,TGA (X),Rare,#6c6c6c
X,TAA,box,Stp,Stop,1,TAA (X),Rare,#6c6c6c
X,TAG,box,Stp,Stop,0.8,TAG (X),Rare,#6c6c6c
Y,TAT,box,Tyr,Tyrosine,12.2,TAT (Y),Normal,#2ceffe
Y,TAC,box,Tyr,Tyrosine,15.3,TAC (Y),Normal,#2ceffe
