from,to,Type,Letter_to,Freq_to,Letter_from,Freq_from,color,dashes
AAA,AGA,1,R,12.2,K,24.4,red,FALSE
AAA,ATA,0,I,7.5,K,24.4,lightblue,TRUE
AAA,AAT,0,N,17,K,24.4,lightblue,TRUE
AAA,AAG,1,K,31.9,K,24.4,red,FALSE
AAA,ACA,0,T,15.1,K,24.4,lightblue,TRUE
AAA,AAC,0,N,19.1,K,24.4,lightblue,TRUE
AAC,ACC,0,T,18.9,N,19.1,lightblue,TRUE
AAC,ATC,0,I,20.8,N,19.1,lightblue,TRUE
AAG,AAC,0,N,19.1,K,31.9,lightblue,TRUE
AAG,ACG,0,T,6.1,K,31.9,lightblue,TRUE
AAG,AGG,1,R,12,K,31.9,red,FALSE
AAG,ATG,0,M,22,K,31.9,lightblue,TRUE
AAT,CAT,0,H,10.9,N,17,lightblue,TRUE
AAT,AAC,1,N,19.1,N,17,red,FALSE
AAT,AAG,0,K,31.9,N,17,lightblue,TRUE
ACA,ACC,0,T,18.9,T,15.1,lightblue,TRUE
ACG,ACA,1,T,15.1,T,6.1,red,FALSE
ACG,ACC,0,T,18.9,T,6.1,lightblue,TRUE
ACG,ATG,1,M,22,T,6.1,red,FALSE
ACT,ATT,1,I,16,T,13.1,red,FALSE
ACT,ACG,0,T,6.1,T,13.1,lightblue,TRUE
ACT,AAT,0,N,17,T,13.1,lightblue,TRUE
ACT,ACC,1,T,18.9,T,13.1,red,FALSE
ACT,CCT,0,P,17.5,T,13.1,lightblue,TRUE
ACT,ACA,0,T,15.1,T,13.1,lightblue,TRUE
AGA,ACA,0,T,15.1,R,12.2,lightblue,TRUE
AGA,ATA,0,I,7.5,R,12.2,lightblue,TRUE
AGA,AGC,0,S,19.5,R,12.2,lightblue,TRUE
AGA,AGG,1,R,12,R,12.2,red,FALSE
AGC,AGG,0,R,12,S,19.5,lightblue,TRUE
AGC,ACC,0,T,18.9,S,19.5,lightblue,TRUE
AGC,ATC,0,I,20.8,S,19.5,lightblue,TRUE
AGC,AAC,1,N,19.1,S,19.5,red,FALSE
AGG,ACG,0,T,6.1,R,12,lightblue,TRUE
AGG,ATG,0,M,22,R,12,lightblue,TRUE
AGT,AGC,1,S,19.5,S,12.1,red,FALSE
AGT,ATT,0,I,16,S,12.1,lightblue,TRUE
AGT,AGG,0,R,12,S,12.1,lightblue,TRUE
AGT,ACT,0,T,13.1,S,12.1,lightblue,TRUE
AGT,AAT,1,N,17,S,12.1,red,FALSE
AGT,AGA,0,R,12.2,S,12.1,lightblue,TRUE
ATA,ACA,1,T,15.1,I,7.5,red,FALSE
ATA,ATG,1,M,22,I,7.5,red,FALSE
ATA,ATC,0,I,20.8,I,7.5,lightblue,TRUE
ATC,ATG,0,M,22,I,20.8,lightblue,TRUE
ATC,ACC,1,T,18.9,I,20.8,red,FALSE
ATT,ATG,0,M,22,I,16,lightblue,TRUE
ATT,ATC,1,I,20.8,I,16,red,FALSE
ATT,ATA,0,I,7.5,I,16,lightblue,TRUE
ATT,AAT,0,N,17,I,16,lightblue,TRUE
CAA,CTA,0,L,7.2,Q,12.3,lightblue,TRUE
CAA,CAT,0,H,10.9,Q,12.3,lightblue,TRUE
CAA,AAA,0,K,24.4,Q,12.3,lightblue,TRUE
CAA,CAC,0,H,15.1,Q,12.3,lightblue,TRUE
CAC,AAC,0,N,19.1,H,15.1,lightblue,TRUE
CAC,CTC,0,L,19.6,H,15.1,lightblue,TRUE
CAC,CAT,1,H,10.9,H,15.1,red,FALSE
CAG,CAT,0,H,10.9,Q,34.2,lightblue,TRUE
CAG,CAA,1,Q,12.3,Q,34.2,red,FALSE
CAG,CAC,0,H,15.1,Q,34.2,lightblue,TRUE
CAG,CTG,0,L,39.6,Q,34.2,lightblue,TRUE
CAG,AAG,0,K,31.9,Q,34.2,lightblue,TRUE
CAT,CCT,0,P,17.5,H,10.9,lightblue,TRUE
CCA,CCT,0,P,17.5,P,16.9,lightblue,TRUE
CCA,ACA,0,T,15.1,P,16.9,lightblue,TRUE
CCA,CAA,0,Q,12.3,P,16.9,lightblue,TRUE
CCA,CCC,0,P,19.8,P,16.9,lightblue,TRUE
CCA,CCG,1,P,6.9,P,16.9,red,FALSE
CCA,CTA,1,L,7.2,P,16.9,red,FALSE
CCA,CGA,0,R,6.2,P,16.9,lightblue,TRUE
CCC,CCT,1,P,17.5,P,19.8,red,FALSE
CCC,CAC,0,H,15.1,P,19.8,lightblue,TRUE
CCC,CCG,0,P,6.9,P,19.8,lightblue,TRUE
CCC,CTC,1,L,19.6,P,19.8,red,FALSE
CCC,ACC,0,T,18.9,P,19.8,lightblue,TRUE
CCG,CCT,0,P,17.5,P,6.9,lightblue,TRUE
CCG,CAG,0,Q,34.2,P,6.9,lightblue,TRUE
CCG,ACG,0,T,6.1,P,6.9,lightblue,TRUE
CCG,CTG,1,L,39.6,P,6.9,red,FALSE
CGA,CAA,1,Q,12.3,R,6.2,red,FALSE
CGA,AGA,0,R,12.2,R,6.2,lightblue,TRUE
CGA,CTA,0,L,7.2,R,6.2,lightblue,TRUE
CGC,TGC,1,C,12.6,R,10.4,red,FALSE
CGC,AGC,0,S,19.5,R,10.4,lightblue,TRUE
CGC,GGC,0,G,22.2,R,10.4,lightblue,TRUE
CGC,CGG,0,R,11.4,R,10.4,lightblue,TRUE
CGC,CGT,1,R,4.5,R,10.4,red,FALSE
CGC,CAC,1,H,15.1,R,10.4,red,FALSE
CGC,CGA,0,R,6.2,R,10.4,lightblue,TRUE
CGC,CTC,0,L,19.6,R,10.4,lightblue,TRUE
CGC,CCC,0,P,19.8,R,10.4,lightblue,TRUE
CGG,AGG,0,R,12,R,11.4,lightblue,TRUE
CGG,CTG,0,L,39.6,R,11.4,lightblue,TRUE
CGG,CCG,0,P,6.9,R,11.4,lightblue,TRUE
CGG,CGA,1,R,6.2,R,11.4,red,FALSE
CGG,CAG,1,Q,34.2,R,11.4,red,FALSE
CGT,CGA,0,R,6.2,R,4.5,lightblue,TRUE
CGT,TGT,1,C,10.6,R,4.5,red,FALSE
CGT,CGG,0,R,11.4,R,4.5,lightblue,TRUE
CGT,GGT,0,G,10.8,R,4.5,lightblue,TRUE
CGT,CCT,0,P,17.5,R,4.5,lightblue,TRUE
CGT,AGT,0,S,12.1,R,4.5,lightblue,TRUE
CGT,CAT,1,H,10.9,R,4.5,red,FALSE
CGT,CTT,0,L,13.2,R,4.5,lightblue,TRUE
CTA,CTC,0,L,19.6,L,7.2,lightblue,TRUE
CTA,CTG,1,L,39.6,L,7.2,red,FALSE
CTA,ATA,0,I,7.5,L,7.2,lightblue,TRUE
CTC,ATC,0,I,20.8,L,19.6,lightblue,TRUE
CTG,CTC,0,L,19.6,L,39.6,lightblue,TRUE
CTG,ATG,0,M,22,L,39.6,lightblue,TRUE
CTT,CCT,1,P,17.5,L,13.2,red,FALSE
CTT,CTC,1,L,19.6,L,13.2,red,FALSE
CTT,CTA,0,L,7.2,L,13.2,lightblue,TRUE
CTT,CTG,0,L,39.6,L,13.2,lightblue,TRUE
CTT,ATT,0,I,16,L,13.2,lightblue,TRUE
CTT,CAT,0,H,10.9,L,13.2,lightblue,TRUE
GAA,GAT,0,D,21.8,E,29,lightblue,TRUE
GAA,CAA,0,Q,12.3,E,29,lightblue,TRUE
GAA,AAA,1,K,24.4,E,29,red,FALSE
GAA,GGA,1,G,16.5,E,29,red,FALSE
GAA,GAG,1,E,39.6,E,29,red,FALSE
GAA,TAA,0,X,1,E,29,lightblue,TRUE
GAC,GTC,0,V,14.5,D,25.1,lightblue,TRUE
GAC,GAT,1,D,21.8,D,25.1,red,FALSE
GAC,AAC,1,N,19.1,D,25.1,red,FALSE
GAC,GAA,0,E,29,D,25.1,lightblue,TRUE
GAC,CAC,0,H,15.1,D,25.1,lightblue,TRUE
GAC,TAC,0,Y,15.3,D,25.1,lightblue,TRUE
GAC,GGC,1,G,22.2,D,25.1,red,FALSE
GAC,GCC,0,A,27.7,D,25.1,lightblue,TRUE
GAC,GAG,0,E,39.6,D,25.1,lightblue,TRUE
GAG,AAG,1,K,31.9,E,39.6,red,FALSE
GAG,GAT,0,D,21.8,E,39.6,lightblue,TRUE
GAG,CAG,0,Q,34.2,E,39.6,lightblue,TRUE
GAG,GGG,1,G,16.5,E,39.6,red,FALSE
GAG,TAG,0,X,0.8,E,39.6,lightblue,TRUE
GAT,AAT,1,N,17,D,21.8,red,FALSE
GAT,CAT,0,H,10.9,D,21.8,lightblue,TRUE
GAT,GGT,1,G,10.8,D,21.8,red,FALSE
GAT,TAT,0,Y,12.2,D,21.8,lightblue,TRUE
GCA,GGA,0,G,16.5,A,15.8,lightblue,TRUE
GCA,GAA,0,E,29,A,15.8,lightblue,TRUE
GCA,ACA,1,T,15.1,A,15.8,red,FALSE
GCA,CCA,0,P,16.9,A,15.8,lightblue,TRUE
GCC,TCC,0,S,17.7,A,27.7,lightblue,TRUE
GCC,GCA,0,A,15.8,A,27.7,lightblue,TRUE
GCC,CCC,0,P,19.8,A,27.7,lightblue,TRUE
GCC,ACC,1,T,18.9,A,27.7,red,FALSE
GCC,GGC,0,G,22.2,A,27.7,lightblue,TRUE
GCG,GCC,0,A,27.7,A,7.4,lightblue,TRUE
GCG,GCA,1,A,15.8,A,7.4,red,FALSE
GCG,ACG,1,T,6.1,A,7.4,red,FALSE
GCG,GGG,0,G,16.5,A,7.4,lightblue,TRUE
GCG,TCG,0,S,4.4,A,7.4,lightblue,TRUE
GCG,CCG,0,P,6.9,A,7.4,lightblue,TRUE
GCG,GAG,0,E,39.6,A,7.4,lightblue,TRUE
GCT,GGT,0,G,10.8,A,18.4,lightblue,TRUE
GCT,CCT,0,P,17.5,A,18.4,lightblue,TRUE
GCT,GCC,1,A,27.7,A,18.4,red,FALSE
GCT,GCG,0,A,7.4,A,18.4,lightblue,TRUE
GCT,GCA,0,A,15.8,A,18.4,lightblue,TRUE
GCT,GAT,0,D,21.8,A,18.4,lightblue,TRUE
GCT,ACT,1,T,13.1,A,18.4,red,FALSE
GCT,GTT,1,V,11,A,18.4,red,FALSE
GCT,TCT,0,S,15.2,A,18.4,lightblue,TRUE
GGA,GGT,0,G,10.8,G,16.5,lightblue,TRUE
GGA,AGA,1,R,12.2,G,16.5,red,FALSE
GGA,GGG,1,G,16.5,G,16.5,red,FALSE
GGA,CGA,0,R,6.2,G,16.5,lightblue,TRUE
GGC,GGG,0,G,16.5,G,22.2,lightblue,TRUE
GGC,GGT,1,G,10.8,G,22.2,red,FALSE
GGC,GGA,0,G,16.5,G,22.2,lightblue,TRUE
GGC,AGC,1,S,19.5,G,22.2,red,FALSE
GGC,TGC,0,C,12.6,G,22.2,lightblue,TRUE
GGG,CGG,0,R,11.4,G,16.5,lightblue,TRUE
GGG,GGT,0,G,10.8,G,16.5,lightblue,TRUE
GGG,AGG,1,R,12,G,16.5,red,FALSE
GGT,AGT,1,S,12.1,G,10.8,red,FALSE
GTA,GCA,1,A,15.8,V,7.1,red,FALSE
GTA,TTA,0,L,7.7,V,7.1,lightblue,TRUE
GTA,GGA,0,G,16.5,V,7.1,lightblue,TRUE
GTA,CTA,0,L,7.2,V,7.1,lightblue,TRUE
GTA,ATA,1,I,7.5,V,7.1,red,FALSE
GTA,GAA,0,E,29,V,7.1,lightblue,TRUE
GTC,GGC,0,G,22.2,V,14.5,lightblue,TRUE
GTC,GTA,0,V,7.1,V,14.5,lightblue,TRUE
GTC,CTC,0,L,19.6,V,14.5,lightblue,TRUE
GTC,GCC,1,A,27.7,V,14.5,red,FALSE
GTC,ATC,1,I,20.8,V,14.5,red,FALSE
GTG,GTA,1,V,7.1,V,28.1,red,FALSE
GTG,GCG,1,A,7.4,V,28.1,red,FALSE
GTG,ATG,1,M,22,V,28.1,red,FALSE
GTG,TTG,0,L,12.9,V,28.1,lightblue,TRUE
GTG,GTC,0,V,14.5,V,28.1,lightblue,TRUE
GTG,GAG,0,E,39.6,V,28.1,lightblue,TRUE
GTG,GGG,0,G,16.5,V,28.1,lightblue,TRUE
GTG,CTG,0,L,39.6,V,28.1,lightblue,TRUE
GTT,CTT,0,L,13.2,V,11,lightblue,TRUE
GTT,GTG,0,V,28.1,V,11,lightblue,TRUE
GTT,GAT,0,D,21.8,V,11,lightblue,TRUE
GTT,ATT,1,I,16,V,11,red,FALSE
GTT,GGT,0,G,10.8,V,11,lightblue,TRUE
GTT,TTT,0,F,17.6,V,11,lightblue,TRUE
GTT,GTA,0,V,7.1,V,11,lightblue,TRUE
GTT,GTC,1,V,14.5,V,11,red,FALSE
TAA,AAA,0,K,24.4,X,1,lightblue,TRUE
TAA,TAT,0,Y,12.2,X,1,lightblue,TRUE
TAA,TAG,1,X,0.8,X,1,red,FALSE
TAA,CAA,1,Q,12.3,X,1,red,FALSE
TAC,CAC,1,H,15.1,Y,15.3,red,FALSE
TAC,AAC,0,N,19.1,Y,15.3,lightblue,TRUE
TAC,TAT,1,Y,12.2,Y,15.3,red,FALSE
TAC,TAA,0,X,1,Y,15.3,lightblue,TRUE
TAC,TAG,0,X,0.8,Y,15.3,lightblue,TRUE
TAC,TGC,1,C,12.6,Y,15.3,red,FALSE
TAG,CAG,1,Q,34.2,X,0.8,red,FALSE
TAG,AAG,0,K,31.9,X,0.8,lightblue,TRUE
TAG,TAT,0,Y,12.2,X,0.8,lightblue,TRUE
TAT,CAT,1,H,10.9,Y,12.2,red,FALSE
TAT,AAT,0,N,17,Y,12.2,lightblue,TRUE
TCA,TTA,1,L,7.7,S,12.2,red,FALSE
TCA,TCT,0,S,15.2,S,12.2,lightblue,TRUE
TCA,TCG,1,S,4.4,S,12.2,red,FALSE
TCA,CCA,1,P,16.9,S,12.2,red,FALSE
TCA,TGA,0,X,1.6,S,12.2,lightblue,TRUE
TCA,ACA,0,T,15.1,S,12.2,lightblue,TRUE
TCA,TCC,0,S,17.7,S,12.2,lightblue,TRUE
TCA,GCA,0,A,15.8,S,12.2,lightblue,TRUE
TCA,TAA,0,X,1,S,12.2,lightblue,TRUE
TCC,TGC,0,C,12.6,S,17.7,lightblue,TRUE
TCC,CCC,1,P,19.8,S,17.7,red,FALSE
TCC,TCT,1,S,15.2,S,17.7,red,FALSE
TCC,TAC,0,Y,15.3,S,17.7,lightblue,TRUE
TCC,TCG,0,S,4.4,S,17.7,lightblue,TRUE
TCC,ACC,0,T,18.9,S,17.7,lightblue,TRUE
TCG,TAG,0,X,0.8,S,4.4,lightblue,TRUE
TCG,ACG,0,T,6.1,S,4.4,lightblue,TRUE
TCG,CCG,1,P,6.9,S,4.4,red,FALSE
TCG,TCT,0,S,15.2,S,4.4,lightblue,TRUE
TCT,CCT,1,P,17.5,S,15.2,red,FALSE
TCT,TGT,0,C,10.6,S,15.2,lightblue,TRUE
TCT,TAT,0,Y,12.2,S,15.2,lightblue,TRUE
TCT,ACT,0,T,13.1,S,15.2,lightblue,TRUE
TGA,TGT,0,C,10.6,X,1.6,lightblue,TRUE
TGA,AGA,0,R,12.2,X,1.6,lightblue,TRUE
TGA,TGG,1,W,13.2,X,1.6,red,FALSE
TGA,TGC,0,C,12.6,X,1.6,lightblue,TRUE
TGA,TTA,0,L,7.7,X,1.6,lightblue,TRUE
TGA,GGA,0,G,16.5,X,1.6,lightblue,TRUE
TGA,CGA,1,R,6.2,X,1.6,red,FALSE
TGA,TAA,1,X,1,X,1.6,red,FALSE
TGC,AGC,0,S,19.5,C,12.6,lightblue,TRUE
TGC,TGT,1,C,10.6,C,12.6,red,FALSE
TGG,TAG,1,X,0.8,W,13.2,red,FALSE
TGG,GGG,0,G,16.5,W,13.2,lightblue,TRUE
TGG,TGT,0,C,10.6,W,13.2,lightblue,TRUE
TGG,TTG,0,L,12.9,W,13.2,lightblue,TRUE
TGG,TGC,0,C,12.6,W,13.2,lightblue,TRUE
TGG,CGG,1,R,11.4,W,13.2,red,FALSE
TGG,TCG,0,S,4.4,W,13.2,lightblue,TRUE
TGG,AGG,0,R,12,W,13.2,lightblue,TRUE
TGT,AGT,0,S,12.1,C,10.6,lightblue,TRUE
TGT,GGT,0,G,10.8,C,10.6,lightblue,TRUE
TGT,TAT,1,Y,12.2,C,10.6,red,FALSE
TTA,CTA,1,L,7.2,L,7.7,red,FALSE
TTA,TAA,0,X,1,L,7.7,lightblue,TRUE
TTA,ATA,0,I,7.5,L,7.7,lightblue,TRUE
TTC,TTT,1,F,17.6,F,20.3,red,FALSE
TTC,TAC,0,Y,15.3,F,20.3,lightblue,TRUE
TTC,TTG,0,L,12.9,F,20.3,lightblue,TRUE
TTC,TCC,1,S,17.7,F,20.3,red,FALSE
TTC,CTC,1,L,19.6,F,20.3,red,FALSE
TTC,GTC,0,V,14.5,F,20.3,lightblue,TRUE
TTC,ATC,0,I,20.8,F,20.3,lightblue,TRUE
TTC,TGC,0,C,12.6,F,20.3,lightblue,TRUE
TTC,TTA,0,L,7.7,F,20.3,lightblue,TRUE
TTG,TAG,0,X,0.8,L,12.9,lightblue,TRUE
TTG,ATG,0,M,22,L,12.9,lightblue,TRUE
TTG,TTA,1,L,7.7,L,12.9,red,FALSE
TTG,TTT,0,F,17.6,L,12.9,lightblue,TRUE
TTG,CTG,1,L,39.6,L,12.9,red,FALSE
TTG,TCG,1,S,4.4,L,12.9,red,FALSE
TTT,ATT,0,I,16,F,17.6,lightblue,TRUE
TTT,TTA,0,L,7.7,F,17.6,lightblue,TRUE
TTT,CTT,1,L,13.2,F,17.6,red,FALSE
TTT,TGT,0,C,10.6,F,17.6,lightblue,TRUE
TTT,TCT,1,S,15.2,F,17.6,red,FALSE
TTT,TAT,0,Y,12.2,F,17.6,lightblue,TRUE
